guest_names,check_in_dates,check_out_dates,reservation_payed,reservation_total,total_nights,price_per_night,reservation_total_ARS,reservation_payed_ARS,price_per_night_ARS,cabin,notes,cellphone_numbers
Bernardo Scherman,2025-07-20,2025-08-01,0.0,0.0,13.0,0.0,936000.0,936000.0,72000.0,Colibri,No estoy segura cuanto pagó,
Nicolás,2025-08-01,2025-08-03,0.0,0.0,2.0,0.0,160000.0,160000.0,80000.0,Colibrí,,
Victor,2025-08-08,2025-08-10,0.0,0.0,2.0,0.0,156000.0,156000.0,78000.0,Colibrí,,
Diego Gustavino,2025-08-14,2025-08-17,0.0,180.0,3.0,60.0,0.0,0.0,0.0,Colibrí,Es por booking.,
Esteban,2025-08-18,2025-08-25,0.0,0.0,7.0,0.0,420000.0,420000.0,60000.0,Colibrí,,
Victoria Gisoni,2025-09-08,2025-09-12,0.0,0.0,4.0,0.0,240000.0,72000.0,60000.0,Colibri,,
Matías,2025-09-12,2025-09-14,0.0,0.0,2.0,0.0,130000.0,39000.0,65000.0,Colibri,,
Juana,2025-09-15,2025-09-19,0.0,0.0,4.0,0.0,252000.0,75000.0,63000.0,Colibri,,
Sebastián Piallis,2025-09-19,2025-09-22,81.0,180.0,3.0,60.0,0.0,0.0,0.0,Colibrí,Vienen por Booking,
Andro,2025-09-27,2025-09-29,0.0,0.0,2.0,0.0,120000.0,36000.0,60000.0,Colibrí,,
Gaston,2025-10-04,2025-10-05,0.0,0.0,1.0,0.0,90000.0,0.0,90000.0,Colibrí,,
Sebastián,2025-10-05,2025-10-07,0.0,0.0,2.0,0.0,140000.0,70000.0,70000.0,Colibrí,,
Juan Manuel,2025-10-10,2025-10-12,0.0,0.0,2.0,0.0,170000.0,0.0,85000.0,Peperina,,
Juan Cruz,2025-10-17,2025-10-20,0.0,0.0,3.0,0.0,210000.0,63000.0,70000.0,Colibri,,
Pablo,2025-11-21,2025-11-24,0.0,0.0,3.0,0.0,240000.0,72000.0,80000.0,Colibri,,
Reserved,2025-12-26,2025-12-30,0.0,0.0,4.0,,,,,Colibri,Airbnb booking - Reserved,
Cristian,2025-12-29,2026-01-06,0.0,0.0,8.0,0.0,640000.0,320000.0,80000.0,Peperina,,
Reserved,2025-12-30,2026-01-04,0.0,0.0,5.0,,,,,Colibri,Airbnb booking - Reserved,
Juano y Tomás,2026-01-17,2026-01-24,147.0,490.0,7.0,70.0,0.0,0.0,0.0,Colibri,,
Alejandro,2026-02-02,2026-02-10,260.0,520.0,8.0,65.0,0.0,0.0,0.0,Colibrí,,
Airbnb (Not available),2026-10-20,2026-10-22,0.0,0.0,2.0,,,,,Peperina,Airbnb booking - Airbnb (Not available),
